run,sp,rep,camfile,plateau_level,plateau_s,eval_n,dt_onset,dt_refined,dt_transition,d_ref_onset,d_ref_tran,rms_onset,rms_refined,rms_transition,mae_onset,mae_refined,mae_transition,bias_onset,bias_refined,bias_transition,corr_refined,cam_total_deg,enc_total_deg,cam_span_deg,enc_span_deg,dt_med_ms,dt_sd_ms,dt_core_sd_ms,dt_mad_ms,dt_p99_ms,dt_max_ms,n_gaps,n_int,est_dropped,rep_n,dRMS_onset,pct_onset,dMAE_onset,dBIAS_onset,dRMS_transition,pct_transition,dMAE_transition,dBIAS_transition,angle_pct_diff
first_test_30deg-s,30,first,apriltag_multitag_fused_20260615_210343.xlsx,30.982433800601395,28.510000000000005,2551,-99.23,-99.22299999999758,-99.21199999999753,0.0070000000024208475,-0.011000000000052523,0.8997966161249612,0.9023758382155234,0.9071438214826494,0.6997703984828505,0.7016056467685573,0.7054696187597508,-0.0703924757088754,-0.07151923255039948,-0.07328278465761376,0.9026593600823113,902.602753681536,903.3689839572193,902.6206973391868,903.3689839572193,30.99989891052246,4.268469764834235,2.5219137041025035,0.9999275207519531,42.400026321411225,134.99999046325684,5,1261,8,1,-0.002579222090562161,-0.28582570380681444,-0.001835248285706803,0.0011267568415240792,0.004767983267126019,0.5283810874806728,0.0038639719911934822,-0.0017635521072142807,-0.08481919230022428
seconed_test_30deg-s,30,seconed,apriltag_multitag_fused_20260615_165538.xlsx,30.49707715995089,29.490000000000002,2649,-5.44,-5.454999999999838,-5.434999999999832,-0.014999999999838032,-0.02000000000000668,0.7832509500831056,0.7649128719194951,0.7883840781399043,0.6096531278274469,0.5974215012493688,0.6126816268543414,-0.04134296030524683,-0.04405813667462959,-0.04034769946471455,0.9149917417566983,900.4081530670062,901.2032085561498,900.4198750004978,901.4438502673797,30.99989891052246,4.117373749913694,2.0653743852333406,0.9999275207519531,42.00005531311035,131.99996948242188,7,1266,10,2,0.01833807816361055,2.3974074481963457,0.01223162657807808,0.00271517636938276,0.023471206220409213,3.0684810103286497,0.015260125604972585,0.0037104372099150407,-0.08822155553766456
third_test_30deg-s,30,third,apriltag_multitag_fused_20260615_165833.xlsx,30.468554757725435,26.240000000000002,2324,-5.880000000000001,-5.862999999999828,-5.850999999999824,0.017000000000172655,-0.012000000000004007,0.8382927119196885,0.8483040328194484,0.8563363154917678,0.6591653432050387,0.6688035914812414,0.6762637480507212,-0.06774524991500708,-0.0660770900238159,-0.06485134332750289,0.9204975731754822,807.5355016451928,807.5935828877006,807.5861995315124,807.5935828877006,30.99989891052246,3.790798146107417,1.9739922473830285,0.9999275207519531,39.00003433227539,129.99987602233887,4,1275,7,3,-0.010011320899759979,-1.1801571738950782,-0.009638248276202632,-0.0016681598911911788,0.008032282672319369,0.9468636669830551,0.007460156569479848,0.001225746696313007,-0.007191890046985801
first_test_60deg-s,60,first,apriltag_multitag_fused_20260615_170322.xlsx,60.57770056584593,26.019999999999996,2302,-4.790000000000001,-4.772999999999828,-4.765999999999826,0.017000000000172655,-0.007000000000002338,1.35209980417417,1.384113551349595,1.3970815462713317,1.0211691592298977,1.0538236202658415,1.0672910494359822,-0.12937262061351754,-0.1319585029701412,-0.1330576076334583,0.9166817882272987,1576.833202378044,1576.6844919786097,1576.8640514959782,1576.6844919786097,30.99989891052246,4.1788260569452325,2.2837844688308575,0.9999275207519531,42.28003501892087,132.99989700317383,7,1273,10,1,-0.032013747175424934,-2.312942254210977,-0.03265446103594383,0.002585882356623659,0.012967994921736725,0.9369169826487241,0.013467429170140655,-0.001099104663317113,0.00943184259063157
seconed_test_60deg-s,60,seconed,apriltag_multitag_fused_20260615_170720.xlsx,60.363787911791405,21.769999999999996,1877,-5.630000000000001,-5.6079999999998265,-5.606999999999826,0.022000000000174325,-0.001000000000000334,1.6094295670408434,1.6158955043733827,1.6158164729759934,1.1682304555352985,1.1723353357832393,1.1722023328932871,-0.07533994173967352,-0.07622959969710012,-0.07627522918977991,0.9294595530002266,1324.425308206933,1324.0106951871658,1324.431738161953,1324.0106951871658,30.00020980834961,4.283324614837572,2.4811966693407763,1.0001659393310547,42.00005531311035,134.99999046325684,5,1280,8,2,-0.006465937332539307,-0.40014575911866834,-0.0041048802479408675,0.0008896579574265984,-7.903139738929532e-05,-0.004890873028323845,-0.0001330028899522162,-4.562949267979122e-05,0.03131492980188648
third_test_60deg-s,60,third,apriltag_multitag_fused_20260615_171057.xlsx,60.208680487203,22.790000000000003,1979,-5.0,-4.985999999999828,-4.983999999999828,0.014000000000171653,-0.002000000000000668,1.280039565898312,1.28076105509726,1.280963872140254,0.8863293380004713,0.8931809134923496,0.894084162215097,-0.11385417643320007,-0.11247064705924373,-0.11227021635023961,0.9406064840504819,1371.417390385532,1371.1764705882354,1371.4375072982202,1371.4171122994653,29.999971389770508,3.9658276124152927,2.050719625317088,0.9999275207519531,39.999961853027344,133.00013542175293,4,1303,7,3,-0.0007214891989479888,-0.05633284960348826,-0.0068515754918783145,-0.0013835293739563465,0.00020281704299418557,0.015835666003974787,0.0009032487227473851,0.00020043070900412074,0.0175702983871362
first_test_90deg-s,90,first,apriltag_multitag_fused_20260615_172743.xlsx,90.32762741881675,25.79,2279,-3.5600000000000005,-3.5359999999998255,-3.531999999999824,0.024000000000174992,-0.004000000000001336,2.0581007707861283,2.0552067021051923,2.057054857339535,1.4706887782707523,1.4753776266695655,1.4779944341688607,-0.12010976427893359,-0.12372745063452771,-0.12433058280070618,0.9143859978582066,2322.69438514467,2320.9893048128342,2322.736842502465,2321.229946524064,29.999971389770508,4.262599126495032,2.5127987553673536,0.9999275207519531,44.00014877319336,128.9999485015869,11,1290,14,1,0.0028940686809360017,0.14081642873057706,-0.004688848398813228,0.0036176863555941186,0.0018481552343425633,0.08992551612689167,0.0026168074992951595,-0.0006031321661784661,0.07346351524757186
seconed_test_90deg-s,90,seconed,apriltag_multitag_fused_20260615_173030.xlsx,90.30875545787205,24.64,2164,-3.5699999999999985,-3.543999999999823,-3.540999999999822,0.02600000000017566,-0.003000000000001002,1.1359850367467643,1.1684835393158763,1.1735912232874868,0.8648497445583645,0.8989207444103482,0.9039646360690831,-0.15252204648089168,-0.14779015255729286,-0.14726434586824041,0.9694073379116916,2217.897283591991,2216.5508021390374,2217.907935509664,2216.5508021390374,29.999971389770508,3.7162999974158937,1.7572832784815198,0.9999275207519531,38.00010681152344,128.9999485015869,4,1325,7,2,-0.03249850256911202,-2.781254632661684,-0.034070999851983697,-0.004731893923598823,0.005107683971610433,0.43712074665603584,0.005043891658734867,0.0005258066890524438,0.06074669940585245
third_test_90deg-s,90,third,apriltag_multitag_fused_20260615_173309.xlsx,90.18547017190205,25.509999999999998,2251,-3.63,-3.5949999999998212,-3.593999999999821,0.035000000000178666,-0.001000000000000334,1.6660846143952766,1.6862188828345905,1.6869120202586727,1.150195952216558,1.1693980550846752,1.1698475198068539,-0.23711243581711453,-0.24134937147877647,-0.24145400858491908,0.9329749406616972,2297.015446178868,2294.7593582887703,2297.052039555882,2294.7593582887703,29.000043869018555,3.9870358639444197,2.3505825813090144,0.9999275207519531,41.0001277923584,128.00002098083496,6,1319,9,3,-0.020134268439313985,-1.1940483317010189,-0.0192021028681173,0.004236935661661945,0.0006931374240821686,0.041106017204420184,0.00044946472217866074,-0.00010463710614261323,0.09831479200416259
first_test_120deg-s,120,first,apriltag_multitag_fused_20260615_173856.xlsx,120.07798480159097,23.119999999999997,2012,-4.409999999999999,-4.365999999999818,-4.365999999999818,0.04400000000018167,0.0,2.911562710881587,2.8918009482061393,2.8918009482061393,1.9839459453783423,1.990721676215708,1.990721676215708,-0.20765318971207689,-0.20655644806555862,-0.20655644806555862,0.9150917270228776,2796.352040964316,2792.6470588235293,2796.361622769031,2792.6470588235293,29.999971389770508,4.5188746083324505,2.2994070974682903,0.9999275207519531,41.9500589370728,134.99999046325684,11,1306,15,1,0.019761762675447603,0.6833721625171452,-0.006775730837365712,-0.0010967416465182678,0.0,0.0,0.0,0.0,0.13266918671590425
seconed_test_120deg-s,120,seconed,apriltag_multitag_fused_20260615_174106.xlsx,121.65961988980322,24.949999999999996,2195,-3.1900000000000004,-3.156000000000059,-3.1540000000000594,0.03399999999994119,-0.0019999999999997797,3.5937972779397396,3.5826397880567944,3.5822676081457114,2.6357133028372246,2.6265052859695204,2.6261977131375107,-0.15717320198794782,-0.1632728751138383,-0.16352280879311676,0.871713428465042,3041.172843385888,3038.342245989305,3041.197332645299,3038.342245989305,29.999971389770508,4.707047691758973,2.654374844242896,0.9999275207519531,44.22013282775882,133.00013542175293,13,1279,16,2,0.011157489882945182,0.3114320875947439,0.009208016867704227,0.006099673125890492,-0.00037217991108295934,-0.010388426777474825,-0.00030757283200966157,-0.0002499336792784468,0.09316255929757361
third_test_120deg-s,120,third,apriltag_multitag_fused_20260615_174408.xlsx,120.79563798044057,27.990000000000002,2499,-4.220000000000001,-4.183999999999822,-4.17999999999982,0.036000000000179,-0.004000000000001336,2.353260943198203,2.32748008862103,2.3293480366007904,1.7606502258650603,1.7449149982261132,1.7465491223263436,-0.23560374586035737,-0.2377868954825623,-0.2379528197756476,0.9344470514835371,3386.430816888015,3385.5882352941176,3386.4505339058073,3385.5882352941176,29.999971389770508,4.396561309821257,2.4919836173126053,0.9999275207519531,40.99989891052246,141.00003242492676,3,1297,7,3,0.025780854577172718,1.1076724008602448,0.01573522763894708,0.002183149622204922,0.0018679479797603094,0.0802562388779454,0.0016341241002304496,-0.00016592429308531775,0.024887302747389494
first_test_150deg-s,150,first,apriltag_multitag_fused_20260615_175223.xlsx,150.89618888563894,22.809999999999995,1981,-3.7200000000000006,-3.684999999999822,-3.6779999999998196,0.035000000000178666,-0.007000000000002338,3.477080507266724,3.5274999725667633,3.538223332571547,2.5001275829562326,2.5614061137556248,2.5719849904622905,-0.29819013872036415,-0.30372407296650206,-0.304913441336414,0.9170171505441113,3470.276341818065,3465.2406417112297,3470.308416093944,3465.2406417112297,29.999971389770508,4.268658679088852,2.4900090719648698,1.0001659393310547,40.9998893737793,131.99996948242188,5,1308,8,1,-0.05041946530003916,-1.4293257460566824,-0.06127853079939216,0.005533934246137906,0.0107233600047838,0.3039931988144287,0.010578876706665685,-0.0011893683699119584,0.14532035802132057
seconed_test_150deg-s,150,seconed,apriltag_multitag_fused_20260615_175454.xlsx,150.9330890619482,22.959999999999997,1996,-3.0900000000000007,-3.043000000000061,-3.035000000000062,0.04699999999993976,-0.007999999999999119,2.200301009225952,2.296440576938092,2.31314602534933,1.7855103363303346,1.8762431719135528,1.8911787244571723,-0.2078300803019588,-0.19769632604080428,-0.19595970565576298,0.9449336377547405,3491.585982660578,3488.823529411765,3491.593177761487,3488.823529411765,29.999971389770508,4.0233901866841855,2.3212306659158366,0.9999275207519531,39.999961853027344,134.99999046325684,4,1314,8,2,-0.09613956771213994,-4.186460066836369,-0.09073283558321821,-0.01013375426115451,0.01670544841123789,0.7274496270010926,0.014935552543619446,0.0017366203850412987,0.07918007963213841
third_test_150deg-s,150,third,apriltag_multitag_fused_20260615_182743.xlsx,150.96408045698809,26.94,2394,-2.6400000000000006,-2.593000000000061,-2.5870000000000615,0.04699999999993976,-0.005999999999999339,3.9022318107419234,3.9229494998017187,3.9248785765661554,2.4348566469309465,2.470698807224295,2.474611832985143,-0.2989738736623006,-0.3002453345617357,-0.300230818167477,0.8826159646969243,4095.236860520275,4090.668449197861,4095.2630755736172,4090.668449197861,29.000043869018555,4.057374372681785,2.0612344167861854,0.9999275207519531,42.67000675201423,131.00004196166992,13,1334,17,3,-0.02071768905979532,-0.5281151098387189,-0.035842160293348524,0.001271460899435084,0.0019290767644366547,0.04917414217374345,0.003913025760847955,1.4516394258701215e-05,0.11167884611401516
first_test_180deg-s,180,first,apriltag_multitag_fused_20260615_183040.xlsx,182.0839436958438,27.96,2496,-2.7799999999999994,-2.7180000000000613,-2.7140000000000617,0.061999999999938105,-0.0039999999999995595,3.4174293344433737,3.4558173426267773,3.45327201010563,2.4194449565800378,2.444504888990318,2.4427636075450994,-0.47210977890623257,-0.49745256921750364,-0.49844370695536283,0.9101575731463202,5121.988024606424,5117.486631016042,5122.003030396754,5117.486631016042,29.999971389770508,3.949352223944568,2.025974446933848,0.9999275207519531,40.99990129470825,133.99982452392578,6,1296,9,1,-0.0383880081834036,-1.1108228351624845,-0.02505993241028026,0.02534279031127107,-0.0025453325211475253,-0.07365356061361768,-0.0017412814452186787,-0.0009911377378591935,0.08796102295802082
seconed_test_180deg-s,180,seconed,apriltag_multitag_fused_20260615_183451.xlsx,182.23693147673555,21.08,1808,-3.120000000000001,-3.0730000000000612,-3.0630000000000623,0.04699999999993976,-0.009999999999998899,5.055658871385568,5.146754644338097,5.1599127602723565,3.7437656915030963,3.8132277778617696,3.822797541323611,-0.37134899089872997,-0.3861839245386662,-0.39183166916110856,0.8874513024934383,3881.652136586004,3880.347593582888,3881.670017434254,3880.347593582888,30.00020980834961,4.394281648381145,2.649737941719902,1.0001659393310547,44.99990701675415,131.99996948242188,11,1272,14,2,-0.0910957729525288,-1.7699653324788371,-0.06946208635867324,0.01483493363993621,0.013158115934259307,0.25565850411646185,0.00956976346184124,-0.0056477446224423855,0.03361923053680827
third_test_180deg-s,180,third,apriltag_multitag_fused_20260615_183723.xlsx,182.22848455316768,23.910000000000004,2091,-2.9400000000000004,-2.882000000000062,-2.8750000000000626,0.057999999999938545,-0.006999999999999229,2.8329248124881934,2.8340671799513166,2.829660318130579,2.0833126862785027,2.08390009056627,2.0811595391813063,-0.38817958171816846,-0.3884843306588488,-0.3883692710577751,0.9450095483818887,4388.087610769975,4384.732620320856,4388.105673320202,4384.732620320856,29.999971389770508,4.024414714935303,1.7779674644649797,0.9999275207519531,38.95002603530888,133.99982452392578,6,1306,9,3,-0.0011423674631232394,-0.04030841157205253,-0.000587404287767157,0.00030474894068033276,-0.004406861820737795,-0.15549602535581022,-0.002740551384963652,0.00011505960107371926,0.07651528016943733
first_test_210deg-s,210,first,apriltag_multitag_fused_20260615_184101.xlsx,212.4645544088906,25.31,2231,-2.92,-2.8540000000000623,-2.8450000000000633,0.06599999999993766,-0.008999999999999009,4.693191980291924,4.669435940208252,4.664907792823774,3.198997136833154,3.1907032690578228,3.1856467264093706,-0.35698163090111246,-0.3510330449210683,-0.34771365655484854,0.8892225425975024,5429.347414811174,5426.951871657754,5429.364621221681,5426.951871657754,29.999971389770508,4.433447681088307,2.1708927205208166,0.9999275207519531,39.999961853027344,147.00007438659668,5,1287,9,1,0.023756040083672048,0.5087560979070324,0.008293867775331254,-0.005948585980044163,-0.004528147384477599,-0.09697418365858658,-0.0050565426484521225,0.0033193883662197554,0.04414159568892229
seconed_test_210deg-s,210,seconed,apriltag_multitag_fused_20260615_184313.xlsx,212.686614616104,21.880000000000003,1888,-3.08,-3.03400000000006,-3.0230000000000614,0.04599999999993987,-0.010999999999998789,6.316256037225553,6.322517815692152,6.327212055598817,4.495275914716399,4.505701712178919,4.509091504968764,-0.5251744422819695,-0.5504463551869455,-0.5570275880457377,0.8551124353044618,4709.06296086916,4706.951871657754,4709.087041506516,4706.951871657754,29.000043869018555,4.379327502234274,2.50973249900334,0.9999275207519531,44.869878292083634,126.9998550415039,16,1314,19,2,-0.006261778466599033,-0.0990393170748785,-0.010425797462519704,0.02527191290497599,0.004694239906664954,0.07424636898632536,0.003389792789845636,-0.0065812328587921964,0.044850452457721
third_test_210deg-s,210,third,apriltag_multitag_fused_20260615_184625.xlsx,212.6969600445002,27.34,2434,-10.68,-10.617000000000312,-10.610000000000316,0.06299999999968797,-0.0069999999999961204,3.535208954860034,3.546794127451719,3.5523672558212334,2.2404918360786894,2.2523528411509983,2.258981487821075,-0.40363172290457094,-0.39249492095359173,-0.3916739612384514,0.9280660119063445,5857.4905810351,5856.256684491978,5857.506736439447,5856.256684491978,29.000043869018555,3.8394552433140823,1.8728292635938812,0.9999275207519531,38.00010681152344,131.99996948242188,6,1343,10,3,-0.011585172591685122,-0.3266378643749693,-0.011861005072308917,-0.011136801950979214,0.00557312836951418,0.1571314310683809,0.006628646670076677,0.0008209597151403458,0.02106971414673931
first_test_240deg-s,240,first,apriltag_multitag_fused_20260615_185008.xlsx,242.28390311631912,24.810000000000002,2181,-4.390000000000001,-4.324999999999812,-4.3149999999998085,0.06500000000018868,-0.01000000000000334,5.429324298068504,5.47132776874696,5.480994414718212,3.565233076936703,3.613834631350946,3.613922749847026,-0.4249136748191425,-0.4586399197187883,-0.46311716416789667,0.8861873908115097,6068.753645958182,6065.614973262032,6068.771447335426,6065.614973262032,29.000043869018555,4.194562270016275,1.942899169135072,0.9999275207519531,44.99997138977051,128.9999485015869,16,1345,19,1,-0.04200347067845556,-0.7677015973779828,-0.048601554414243076,0.03372624489964582,0.009666645971251775,0.17667824666745607,8.811849607992528e-05,-0.004477244449108353,0.051745333490252274
seconed_test_240deg-s,240,seconed,apriltag_multitag_fused_20260615_185234.xlsx,242.4270035367258,28.67,2567,-2.9300000000000006,-2.854000000000064,-2.845000000000065,0.07599999999993656,-0.008999999999999009,4.542265591625664,4.550802675088648,4.550581337191381,2.9248330380025562,2.9718449541964227,2.9743049733049998,-0.37950255245112924,-0.36849102519473964,-0.366056020928269,0.9000420911528584,6991.800376394029,6990.401069518716,6991.824414458851,6990.401069518716,29.000043869018555,3.8125419744363622,1.8927953687516623,0.9999275207519531,39.00003433227539,126.9998550415039,7,1340,10,2,-0.00853708346298454,-0.18759511392829709,-0.047011916193866465,-0.011011527256389597,-0.00022133789726730413,-0.004863711153175688,0.0024600191085770717,0.0024350042664706417,0.02001754779728033
third_test_240deg-s,240,third,apriltag_multitag_fused_20260615_185521.xlsx,241.7972025040324,24.809999999999995,2181,-36.53,-36.46700000000131,-36.45400000000134,0.06299999999868788,-0.012999999999969702,3.869625998847598,3.8801845921523026,3.889356052819295,2.7717281610259614,2.8079261100799315,2.815705829969483,-0.4420062009846513,-0.4383268140029894,-0.43829065038969467,0.9233967961510019,6066.502972110436,6064.652406417113,6066.513866192036,6064.652406417113,29.000043869018555,3.680462280249373,1.8995737617216248,0.9999275207519531,37.56003379821772,128.00002098083496,5,1345,8,3,-0.010558593304704544,-0.27211574743272177,-0.03619794905397011,-0.003679386981661925,0.00917146066699237,0.23636660703054455,0.007779719889551284,3.616361329472628e-05,0.030513961383259004
first_test_270deg-s,270,first,apriltag_multitag_fused_20260615_185848.xlsx,273.1659174879775,25.92,2292,-3.01,-2.937000000000063,-2.927000000000064,0.0729999999999369,-0.009999999999998899,6.378074233364575,6.502797936280789,6.526174782348787,4.421237139563149,4.5085381261177915,4.524512912025098,-0.550980855017934,-0.618265092117137,-0.630034906435391,0.8665101420091976,7137.255879511022,7136.951871657754,7137.282165890479,7136.951871657754,29.000043869018555,4.00853291505297,2.2783112959747736,0.9999275207519531,40.600013732910064,128.9999485015869,8,1341,11,1,-0.12472370291621449,-1.9180005920274523,-0.08730098655464236,0.06728423709920295,0.023376846067997725,0.35948904297905776,0.015974785907306277,-0.011769814318253968,0.0042596315448745585
seconed_test_270deg-s,270,seconed,apriltag_multitag_fused_20260615_190114.xlsx,273.38463551766176,29.41,2641,-5.8999999999999995,-5.816999999999805,-5.805999999999801,0.0830000000001947,-0.011000000000003674,4.8835839862447346,4.9089502764298505,4.904241192924308,3.283121477581088,3.378903585156916,3.37876155832817,-0.5391135481159937,-0.5510050036843297,-0.5528007690742609,0.8969771830972545,8077.202587913665,8075.454545454545,8077.22797306287,8075.695187165776,29.000043869018555,4.045130215108999,1.9237588652734092,0.9999275207519531,38.00010681152344,131.00004196166992,9,1339,13,2,-0.025366290185115936,-0.5167355291193572,-0.09578210757582806,0.01189145556833604,-0.004709083505542111,-0.09592852321508749,-0.0001420268287462001,-0.0017957653899312032,0.02164636614918842
third_test_270deg-s,270,third,apriltag_multitag_fused_20260615_193619.xlsx,272.6148457557365,26.67000000000001,2367,-41.06,-40.99600000000132,-40.98900000000133,0.06399999999868555,-0.006999999999983686,8.080158853232053,8.072911266775243,8.079485899190717,5.59561363187156,5.599212114721023,5.605554861905253,-0.4375897718895948,-0.4536029386176717,-0.45430186377547466,0.8469153646778963,7341.369762490147,7337.406417112299,7341.382420929206,7337.406417112299,30.99989891052246,5.210733959040199,2.8599007481036915,1.0001659393310547,48.00009727478027,131.99996948242188,20,1248,24,3,0.007247586456809785,0.08977661487049718,-0.0035984828494637355,0.0160131667280769,0.006574632415473403,0.08144066246004542,0.006342747184229225,-0.0006989251578029543,0.05401561740677957
first_test_300deg-s,300,first,apriltag_multitag_fused_20260615_193919.xlsx,302.4814353683722,22.560000000000002,1956,-3.0700000000000003,-2.9890000000000643,-2.973000000000066,0.08099999999993601,-0.015999999999998238,5.733495189169405,5.64674657853928,5.6237857554372255,4.377932062360427,4.3403124638122605,4.3195785586497815,-0.3897557267423278,-0.4144436055645347,-0.4230869595931881,0.9072981565740066,6909.37774186269,6906.6577540106955,6909.385765807118,6906.6577540106955,29.999971389770508,4.151935987098003,2.435783152401767,0.9999275207519531,41.0001277923584,129.99987602233887,5,1286,8,1,0.08674861063012518,1.5362582581590833,0.03761959854816688,0.02468787882220691,-0.022960823102054384,-0.4066203925162508,-0.020733905162479083,-0.008643354028653405,0.039382114314476094
seconed_test_300deg-s,300,seconed,apriltag_multitag_fused_20260615_194159.xlsx,302.6614611076678,25.89,2289,-5.570000000000001,-5.4869999999998065,-5.4719999999998015,0.0830000000001947,-0.01500000000000501,9.090373885312388,9.051791096596071,9.05334947567725,5.610799455937904,5.5686308872887595,5.569364386728086,-0.5832465098840748,-0.5920576201668502,-0.5952277071726236,0.8200132835694968,7918.309995959385,7916.871657754011,7918.333544546833,7916.871657754011,29.999971389770508,4.815111518752552,2.504952389735761,0.9999275207519531,44.13013935089099,134.00006294250488,13,1288,18,2,0.03858278871631704,0.4262447984557013,0.042168568649144866,0.00881111028277537,0.001558379081178174,0.01721625106620283,0.000733499439326657,-0.003170087005773481,0.018168012158755777
third_test_300deg-s,300,third,apriltag_multitag_fused_20260615_194509.xlsx,303.0669412530589,23.22,2022,-2.789999999999999,-2.7170000000000623,-2.6970000000000645,0.0729999999999369,-0.019999999999997797,4.652076448637307,4.796964145742563,4.828135938366048,3.417716806502457,3.5120140430728584,3.5306192184448943,-0.5595365849860436,-0.5706874032378616,-0.5705040312277795,0.9056788411517659,7125.910613813163,7122.513368983958,7125.914885723959,7122.513368983958,29.999971389770508,3.743549190413079,1.9216795804817983,0.9999275207519531,37.000179290771484,131.99996948242188,2,1303,5,3,-0.14488769710525595,-3.0204040035164272,-0.09429723657040157,0.011150818251817962,0.031171792623484684,0.6498233398544474,0.018605175372035987,0.0001833720100821168,0.047697275571275156
